company_name,email_domain
Abata,abata.com
Abatz,abatz.info
Agimba,agimba.biz
Agivu,agivu.info
Aibox,aibox.com
Ailane,ailane.mil
Aimbo,aimbo.biz
Aimbu,aimbu.com
Ainyx,ainyx.info
Aivee,aivee.edu
Avamba,avamba.com
Avamm,avamm.biz
Avavee,avavee.edu
Avaveo,avaveo.com
Babbleblab,babbleblab.edu
Babbleopia,babbleopia.gov
Babbleset,babbleset.info
Babblestorm,babblestorm.com
Blognation,blognation.gov
Blogpad,blogpad.com
Blogspan,blogspan.mil
Blogtag,blogtag.biz
Blogtags,blogtags.net
BlogXS,blogxs.biz
Bluezoom,bluezoom.gov
Brainbox,brainbox.mil
Brainlounge,brainlounge.biz
Brainsphere,brainsphere.gov
Brainverse,brainverse.biz
Brightbean,brightbean.biz
Brightdog,brightdog.com
Browsebug,browsebug.edu
Browsecat,browsecat.net
Browsedrive,browsedrive.biz
Browsetype,browsetype.gov
Browsezoom,browsezoom.org
Bubblebox,bubblebox.com
Bubblemix,bubblemix.gov
Bubbletube,bubbletube.info
Buzzbean,buzzbean.biz
Buzzshare,buzzshare.gov
Buzzster,buzzster.mil
Camido,camido.mil
Camimbo,camimbo.edu
Centidel,centidel.org
Centimia,centimia.biz
Centizu,centizu.com
Chatterbridge,chatterbridge.name
Chatterpoint,chatterpoint.com
Cogibox,cogibox.com
Cogidoo,cogidoo.biz
Cogilith,cogilith.biz
Dabfeed,dabfeed.biz
Dabjam,dabjam.mil
Dabshots,dabshots.com
Dabtype,dabtype.com
Dabvine,dabvine.gov
DabZ,dabz.info
Dazzlesphere,dazzlesphere.biz
Demimbu,demimbu.com
Demivee,demivee.info
Devbug,devbug.com
Devify,devify.co.uk
Devpoint,devpoint.edu
Devpulse,devpulse.info
Digitube,digitube.edu
Divanoodle,divanoodle.info
Dynabox,dynabox.com
Dynava,dynava.com
Dynazzy,dynazzy.com
Eabox,eabox.com
Eadel,eadel.biz
Eamia,eamia.com
Eare,eare.biz
Eayo,eayo.name
Eazzy,eazzy.biz
Edgeblab,edgeblab.biz
Edgeclub,edgeclub.biz
Edgeify,edgeify.gov
Edgepulse,edgepulse.com
Edgetag,edgetag.com
Eidel,eidel.biz
Eimbee,eimbee.com
Einti,einti.biz
Eire,eire.com
Fadeo,fadeo.mil
Fanoodle,fanoodle.biz
Fatz,fatz.biz
Feedbug,feedbug.edu
Feedfire,feedfire.edu
Feedfish,feedfish.com
Feedmix,feedmix.gov
Feednation,feednation.gov
Feedspan,feedspan.edu
Fivebridge,fivebridge.com
Fiveclub,fiveclub.info
Fivespan,fivespan.edu
Flashdog,flashdog.name
Flashpoint,flashpoint.biz
Flashset,flashset.mil
Flashspan,flashspan.edu
Flipbug,flipbug.biz
Flipopia,flipopia.gov
Flipstorm,flipstorm.mil
Fliptune,fliptune.edu
Gabspot,gabspot.edu
Gabtune,gabtune.org
Gabtype,gabtype.mil
Gabvine,gabvine.biz
Geba,geba.gov
Gevee,gevee.gov
Gigabox,gigabox.biz
Gigaclub,gigaclub.info
Gigashots,gigashots.edu
Gigazoom,gigazoom.biz
Innojam,innojam.mil
Innotype,innotype.com
InnoZ,innoz.com
Izio,izio.gov
Jabberbean,jabberbean.biz
Jabbercube,jabbercube.gov
Jabbersphere,jabbersphere.biz
Jabberstorm,jabberstorm.info
Jabbertype,jabbertype.info
Jaloo,jaloo.edu
Jamia,jamia.net
Jatri,jatri.com
Jaxbean,jaxbean.gov
Jaxnation,jaxnation.biz
Jaxspan,jaxspan.biz
Jaxworks,jaxworks.com
Jayo,jayo.gov
Jazzy,jazzy.gov
Jetpulse,jetpulse.edu
JumpXS,jumpxs.mil
Kamba,kamba.name
Kanoodle,kanoodle.biz
Kare,kare.biz
Katz,katz.gov
Kaymbo,kaymbo.biz
Kayveo,kayveo.org
Kazio,kazio.com
Kazu,kazu.com
Kwideo,kwideo.com
Kwilith,kwilith.mil
Kwimbee,kwimbee.biz
Kwinu,kwinu.info
Lajo,lajo.info
Latz,latz.com
Layo,layo.info
Lazz,lazz.com
Lazzy,lazzy.gov
Leenti,leenti.org
Leexo,leexo.biz
Linkbridge,linkbridge.gov
Linkbuzz,linkbuzz.gov
Linklinks,linklinks.gov
Linktype,linktype.net
Livefish,livefish.edu
Livepath,livepath.com
Livetube,livetube.com
Meedoo,meedoo.biz
Meejo,meejo.com
Meembee,meembee.gov
Meemm,meemm.biz
Meetz,meetz.com
Meevee,meevee.biz
Meeveo,meeveo.name
Meezzy,meezzy.gov
Miboo,miboo.info
Midel,midel.name
Mita,mita.gov
Mudo,mudo.biz
Muxo,muxo.com
Mycat,mycat.info
Mydeo,mydeo.info
Mynte,mynte.biz
Myworks,myworks.biz
Nlounge,nlounge.net
Npath,npath.mil
Ntag,ntag.gov
Ntags,ntags.biz
Oba,oba.biz
Oloo,oloo.com
Omba,omba.biz
Oodoo,oodoo.name
Oozz,oozz.com
Oyoba,oyoba.biz
Oyoloo,oyoloo.net
Oyondu,oyondu.info
Oyope,oyope.info
Oyoyo,oyoyo.info
Ozu,ozu.info
Photobug,photobug.com
Photojam,photojam.edu
Photolist,photolist.biz
Pixoboo,pixoboo.org
Pixonyx,pixonyx.biz
Pixope,pixope.org
Plajo,plajo.edu
Plambee,plambee.gov
Podcat,podcat.name
Quamba,quamba.com
Quatz,quatz.com
Quaxo,quaxo.gov
Quimba,quimba.gov
Quimm,quimm.net
Quinu,quinu.biz
Quire,quire.biz
Realblab,realblab.com
Realbridge,realbridge.com
Realbuzz,realbuzz.org
Realcube,realcube.edu
Realfire,realfire.biz
Reallinks,reallinks.com
Realmix,realmix.biz
Realpoint,realpoint.edu
Rhybox,rhybox.com
Rhyloo,rhyloo.biz
Rhynoodle,rhynoodle.info
Rhynyx,rhynyx.gov
Rhyzio,rhyzio.edu
Riffpath,riffpath.edu
Riffpedia,riffpedia.biz
Riffwire,riffwire.info
Roodel,roodel.biz
Roombo,roombo.biz
Roomm,roomm.edu
Rooxo,rooxo.biz
Shufflebeat,shufflebeat.info
Shufflester,shufflester.name
Shuffletag,shuffletag.net
Skaboo,skaboo.org
Skajo,skajo.biz
Skalith,skalith.name
Skiba,skiba.gov
Skibox,skibox.biz
Skidoo,skidoo.gov
Skilith,skilith.net
Skimia,skimia.biz
Skinder,skinder.biz
Skinix,skinix.edu
Skinte,skinte.net
Skipfire,skipfire.info
Skippad,skippad.biz
Skipstorm,skipstorm.mil
Skiptube,skiptube.info
Skivee,skivee.edu
Skyba,skyba.gov
Skyble,skyble.mil
Skyndu,skyndu.net
Skynoodle,skynoodle.edu
Skyvu,skyvu.info
Snaptags,snaptags.com
Tagcat,tagcat.biz
Tagchat,tagchat.biz
Tagfeed,tagfeed.net
Tagopia,tagopia.com
Tagpad,tagpad.com
Tagtune,tagtune.info
Talane,talane.edu
Tambee,tambee.biz
Tanoodle,tanoodle.edu
Tavu,tavu.net
Tazz,tazz.biz
Tazzy,tazzy.biz
Thoughtbeat,thoughtbeat.info
Thoughtblab,thoughtblab.com
Thoughtbridge,thoughtbridge.com
Thoughtsphere,thoughtsphere.gov
Thoughtstorm,thoughtstorm.edu
Topdrive,topdrive.gov
Topicblab,topicblab.mil
Topiclounge,topiclounge.edu
Topicshots,topicshots.mil
Topicware,topicware.edu
Topiczoom,topiczoom.biz
Trilia,trilia.com
Trilith,trilith.info
Trudeo,trudeo.biz
Trudoo,trudoo.com
Trunyx,trunyx.edu
Trupe,trupe.com
Twimbo,twimbo.edu
Twimm,twimm.com
Twinder,twinder.gov
Twinte,twinte.gov
Twitterbeat,twitterbeat.com
Twitterbridge,twitterbridge.biz
Twitterlist,twitterlist.edu
Twitternation,twitternation.org
Twitterwire,twitterwire.gov
Twitterworks,twitterworks.biz
Twiyo,twiyo.biz
Vidoo,vidoo.gov
Vimbo,vimbo.mil
Vinder,vinder.biz
Vinte,vinte.net
Vipe,vipe.com
Vitz,vitz.biz
Viva,viva.edu
Voolia,voolia.gov
Voolith,voolith.mil
Voomm,voomm.gov
Voonder,voonder.com
Voonix,voonix.edu
Voonte,voonte.mil
Voonyx,voonyx.gov
Wikibox,wikibox.biz
Wikido,wikido.biz
Wikivu,wikivu.edu
Wikizz,wikizz.biz
Wordify,wordify.edu
Wordpedia,wordpedia.biz
Wordtune,wordtune.edu
Wordware,wordware.gov
Yabox,yabox.com
Yacero,yacero.com
Yadel,yadel.info
Yakidoo,yakidoo.com
Yakijo,yakijo.name
Yakitri,yakitri.edu
Yambee,yambee.biz
Yamia,yamia.biz
Yata,yata.biz
Yodel,yodel.biz
Yodo,yodo.net
Yodoo,yodoo.com
Yombu,yombu.biz
Yotz,yotz.biz
Youbridge,youbridge.info
Youfeed,youfeed.biz
Youopia,youopia.gov
Youspan,youspan.com
Youtags,youtags.com
Yozio,yozio.gov
Zava,zava.biz
Zazio,zazio.info
Zoombeat,zoombeat.gov
Zoombox,zoombox.edu
Zoomcast,zoomcast.biz
Zoomdog,zoomdog.edu
Zoomlounge,zoomlounge.biz
Zoomzone,zoomzone.net
Zoonder,zoonder.edu
Zoonoodle,zoonoodle.mil
Zooveo,zooveo.org
Zoovu,zoovu.gov
Zooxo,zooxo.com
Zoozzy,zoozzy.biz
